#;Ancienne URL (source);Nouvelle URL (destination);Type de redirection;Categorie;Date de mise en place
1;/blank;/equipe;301 permanente;Adresse Wix par defaut;2026-08-21
2;/blank-1;/;301 permanente;Adresse Wix par defaut;2026-08-21
3;/blank-2;/expertise;301 permanente;Adresse Wix par defaut;2026-08-21
4;/blank-3;/publication;301 permanente;Adresse Wix par defaut;2026-08-21
5;/blank-5;/mentions-legales;301 permanente;Adresse Wix par defaut;2024-09-25
6;/blank-5-1;/politique-confidentialite;301 permanente;Adresse Wix par defaut;2024-09-25
7;/blank-6;/contact;301 permanente;Adresse Wix par defaut;2024-09-25
8;/blank-7;/;301 permanente;Adresse Wix par defaut;2024-05-11
9;/blank-8;/cabinet;301 permanente;Adresse Wix par defaut;2024-09-25
10;/blank-8-1;/collaborations;301 permanente;Adresse Wix par defaut;2024-09-25
11;/expertises-item;/expertise;301 permanente;Adresse Wix par defaut;2026-08-21
12;/expertises-item-1;/clients;301 permanente;Adresse Wix par defaut;2026-08-21
13;/landing-clients;/clients;301 permanente;Adresse Wix par defaut;2024-09-25
14;/landing-equipe;/equipe;301 permanente;Adresse Wix par defaut;2024-09-25
15;/landing-expertises;/expertise;301 permanente;Adresse Wix par defaut;2024-09-25
16;/landing-publications;/publication;301 permanente;Adresse Wix par defaut;2024-09-25
17;/wp-content/uploads/2019/10/Décret-n°-2019-426-du-9-mai-2019-portant-prorogation-du-classement-du-parc-naturel-régional-de-lAvesnois.pdf;/expertises/protection-de-l-environnement;301 permanente;Ancien site WordPress - fichier joint;2026-08-21
18;/wp-content/uploads/2019/10/Décret-n°-2019-426...;/publication;301 permanente;Ancien site WordPress - fichier joint;2026-04-01
19;/wp-content/uploads/2019/12/Note-du-Collectif-Energies-renouvelables...;/publication;301 permanente;Ancien site WordPress - fichier joint;2026-04-01
20;/wp-content/uploads/2020/02/Instruction-du-Gouvernement-du-5-février-2020-relative-à-la-protection-des-ressources-en-eau-des-captages-prioritaires-utilisés-pour-la-production-d’eau-destinée-à-la-consommation-humaine.pdf;/expertises/protection-de-l-environnement;301 permanente;Ancien site WordPress - fichier joint;2026-08-21
21;/wp-content/uploads/2020/02/Instruction-du-Gouvernement-du-5-février-2020...;/publication;301 permanente;Ancien site WordPress - fichier joint;2026-04-01
22;/wp-content/uploads/2020/03/Arrêté...;/;301 permanente;Ancien site WordPress - fichier joint;2026-04-01
23;/wp-content/uploads/2020/05/Arrêté...;/;301 permanente;Ancien site WordPress - fichier joint;2026-04-01
24;/wp-content/uploads/2020/05/Webinaire-HLA-n°7-du-13-mai-2020-La-construction-durable-clé-de-la-transition-énergétique-est-elle-fragilisée-par-la-crise-du-COVID-19-_-Compte-rendu-1.pdf;/expertises/credits-marches-carbone;301 permanente;Ancien site WordPress - fichier joint;2026-08-21
25;/wp-content/uploads/2020/05/Webinaire-HLA...;/publication;301 permanente;Ancien site WordPress - fichier joint;2026-04-01
26;/wp-content/uploads/2020/06/Webinaire-HLA-n°10-du-3-juin-2020-La-patrimonialisation-de-la-biodiversité-Compte-rendu.pdf;/expertises/protection-de-l-environnement;301 permanente;Ancien site WordPress - fichier joint;2026-08-21
27;/wp-content/uploads/2020/06/Webinaire-HLA...;/publication;301 permanente;Ancien site WordPress - fichier joint;2026-04-01
28;/wp-content/uploads/2021/04/Décret-n°2021-515.pdf;/;301 permanente;Ancien site WordPress - fichier joint;2026-04-01
29;/wp-content/uploads/2021/05/Arr;/publication;301 permanente;Ancien site WordPress - fichier joint;2026-04-01
30;/affaires/amoco;/publication;301 permanente;Ancienne rubrique WordPress;2026-04-01
31;/affaires/cattenom;/publication;301 permanente;Ancienne rubrique WordPress;2026-04-01
32;/agenda/invitation-conference-dejeuner-du-5-octobre-2018-hla-et-finergreen;/publication;301 permanente;Ancienne rubrique WordPress;2026-04-01
33;/categories/alimentation;/;301 permanente;Ancienne rubrique WordPress;2026-04-01
34;/categories/biodiversité;/;301 permanente;Ancienne rubrique WordPress;2026-04-01
35;/category/nos-publications/commentaire-doctrine-2;/publication;301 permanente;Ancienne rubrique WordPress;2026-08-21
36;/en;/;301 permanente;Ancienne version anglaise;2026-04-01
37;/en/christian-huglo-2;/avocats/christian-huglo;301 permanente;Ancienne version anglaise;2026-04-01
38;/en/environmental-health;/;301 permanente;Ancienne version anglaise;2026-04-01
39;/en/join-us;/contact;301 permanente;Ancienne version anglaise;2026-04-01
40;/en/madeleine-babes-2;/avocats/madeleine-babes;301 permanente;Ancienne version anglaise;2026-08-21
41;/2018/01/26/53316;/;301 permanente;Autre - publication ou page heritee;2026-04-01
42;/_api/one-app-session-web/v3/businesses;/publication;301 permanente;Autre - publication ou page heritee;2026-04-01
43;/_frog;/;301 permanente;Autre - publication ou page heritee;2026-04-01
44;/chronique-la-france-est-elle-prete-pour-une-revolution-climatique-par-corinne-lepage-16-juillet-2021/a-la-une/69459;/publication;301 permanente;Autre - publication ou page heritee;2026-04-01
45;/commentaire-juridique-;/;301 permanente;Autre - publication ou page heritee;2026-04-01
46;/commentaire-juridique-pour-bien-comprendre-larret-grande-synthe-ii-par-corinne-lepage-15-fevrier-2021/a-la-une/66307;/publication;301 permanente;Autre - publication ou page heritee;2026-04-01
47;/compte-rendu-du-webinaire-hla-n3-adaptation-au-changement-climatique-et-politiques-de-planification-du-29-avril-2020/compte-rendu/60922;/expertises/protection-de-l-environnement;301 permanente;Autre - publication ou page heritee;2026-08-21
48;/compte-rendu-du-webinaire-hla-n3...;/;301 permanente;Autre - publication ou page heritee;2026-04-01
49;/invitation-webinaire-hla-n11-du-12-juin-2020-eviter-reduire-compenser-comment-apprehender-la-sequence-erc/webinaire/61499;/expertises/protection-de-l-environnement;301 permanente;Autre - publication ou page heritee;2026-08-21
50;/invitation-webinaire-hla-n11...;/;301 permanente;Autre - publication ou page heritee;2026-04-01
51;/la-portee-universelle-de-la-decision-de-la-cour-de-karlsruhe-du-29-avril-2021-par-corinne-lepage-03-mai-2021/a-la-une/67915;/publication;301 permanente;Autre - publication ou page heritee;2026-04-01
52;/llms.txt;https://858646bf-e587-4ea8-be10-aad65761ce19.usrfiles.com/ugd/858646_46ffd73b752447b48cbebc95bcdd8a07.txt;301 permanente;Autre - publication ou page heritee;2026-04-08
53;/madeleine-babes;/equipe;301 permanente;Autre - publication ou page heritee;2026-04-01
54;/margaux-berthelard;/equipe;301 permanente;Autre - publication ou page heritee;2026-04-01
55;/roxane-sageloli-2;/avocats/roxane-sageloli;301 permanente;Autre - publication ou page heritee;2026-04-01
56;/theophile-begel;/avocats/theophile-begel;301 permanente;Autre - publication ou page heritee;2026-08-21
57;/urbanisme-et-amenagement;/expertises/droit-urbanisme-amenagement;301 permanente;Autre - publication ou page heritee;2026-08-21
58;/urbanisme-et-amenagement-2;/expertises/droit-urbanisme-amenagement;301 permanente;Autre - publication ou page heritee;2026-08-12
59;/avocats/arielle-guillaumot;/equipe;301 permanente;Fiche avocat - ancienne adresse;2026-04-01
60;/avocats/lise-hélène-gras;/avocats/lise-helene-gras;301 permanente;Fiche avocat - ancienne adresse;2026-08-21
61;/avocats/madeleine-babès;/avocats/madeleine-babes;301 permanente;Fiche avocat - ancienne adresse;2026-08-21
62;/avocats/raphaëlle-jeannel;/equipe;301 permanente;Fiche avocat - ancienne adresse;2026-04-01
63;/avocats/théophile-bégel;/avocats/theophile-begel;301 permanente;Fiche avocat - ancienne adresse;2026-08-21
64;/avocats/valérie-saintaman;/avocats/valerie-saintaman;301 permanente;Fiche avocat - ancienne adresse;2026-08-21
65;/equipe-2/benjamin-huglo;/avocats/benjamin-huglo;301 permanente;Fiche avocat - ancienne adresse;2026-08-21
66;/equipe-2/benoit-denis;/avocats/benoit-denis;301 permanente;Fiche avocat - ancienne adresse;2026-08-21
67;/equipe-2/christian-huglo;/avocats/christian-huglo;301 permanente;Fiche avocat - ancienne adresse;2026-08-21
68;/equipe-2/corinne-lepage;/avocats/corinne-lepage;301 permanente;Fiche avocat - ancienne adresse;2026-08-21
69;/equipe-2/faustine-sigronde;/avocats/faustine-sigronde;301 permanente;Fiche avocat - ancienne adresse;2026-08-21
70;/equipe-2/lise-hélène-gras;/avocats/lise-helene-gras;301 permanente;Fiche avocat - ancienne adresse;2026-08-21
71;/equipe-2/madeleine-babès;/avocats/madeleine-babes;301 permanente;Fiche avocat - ancienne adresse;2026-08-21
72;/equipe-2/roxane-sageloli;/avocats/roxane-sageloli;301 permanente;Fiche avocat - ancienne adresse;2026-08-21
73;/equipe-2/sarah-dine;/avocats/sarah-dine;301 permanente;Fiche avocat - ancienne adresse;2026-08-21
74;/equipe-2/siham-becamel;/avocats/siham-becamel;301 permanente;Fiche avocat - ancienne adresse;2026-08-21
75;/equipe-2/théophile-bégel;/avocats/theophile-begel;301 permanente;Fiche avocat - ancienne adresse;2026-08-21
76;/equipe-2/valérie-saintaman;/avocats/valerie-saintaman;301 permanente;Fiche avocat - ancienne adresse;2026-08-21
77;/equipe/benjamin-huglo/benjamin_huglo_lepage-2;/avocats/benjamin-huglo;301 permanente;Fiche avocat - ancienne adresse;2026-08-21
78;/equipe/christian-huglo-duplicate-1;/avocats/christian-huglo;301 permanente;Fiche avocat - ancienne adresse;2026-04-01
79;/equipe/corinne-lepage?lang=en;/avocats/corinne-lepage;301 permanente;Fiche avocat - ancienne adresse;2026-04-01
80;/equipe/lepage;/avocats/corinne-lepage;301 permanente;Fiche avocat - ancienne adresse;2026-04-01
81;/equipe/theophile-begel-2/attachment/theophile-begel-2;/avocats/theophile-begel;301 permanente;Fiche avocat - ancienne adresse;2026-08-21
82;/equipe/valerie-saintaman-2;/avocats/valerie-saintaman;301 permanente;Fiche avocat - ancienne adresse;2026-08-21
83;/expertises/-rse/audits-réglementaires-;/expertises/rse-audits-reglementaires;301 permanente;Fiche expertise - ancienne adresse;2026-08-21
84;/expertises/domanialité-et-expropriation;/expertises/domanialite-et-expropriation;301 permanente;Fiche expertise - ancienne adresse;2026-08-21
85;/expertises/droit-de-l'energie;/expertises/droit-de-l-energie;301 permanente;Fiche expertise - ancienne adresse;2026-08-21
86;/expertises/droit-des-collectivités-territoriales;/expertises/droit-des-collectivites-territoriales;301 permanente;Fiche expertise - ancienne adresse;2026-08-21
87;/expertises/droit-pénal-de-l'environnement;/expertises/droit-penal-de-l-environnement;301 permanente;Fiche expertise - ancienne adresse;2026-08-05
88;/expertises/protection-de-l'environnement;/expertises/protection-de-l-environnement;301 permanente;Fiche expertise - ancienne adresse;2026-08-21
89;/expertises/rse/vigilance;/expertises/rse-vigilance;301 permanente;Fiche expertise - ancienne adresse;2026-08-21
90;/expertises/sante-environnementale;/expertises/droit-penal-de-l-environnement;301 permanente;Fiche expertise - ancienne adresse;2026-08-21
91;/expertises/urbanisme/immobilier;/expertises/droit-urbanisme-amenagement;301 permanente;Fiche expertise - ancienne adresse;2026-08-10
92;/expertises/économie-circulaire;/expertises/economie-circulaire;301 permanente;Fiche expertise - ancienne adresse;2026-08-21
93;/expertises/énergie/carbone;/expertises/credits-marches-carbone;301 permanente;Fiche expertise - ancienne adresse;2026-08-03
